<?xml version="1.0" encoding="UTF-8" standalone="yes"?>
<addon id="plugin.program.sooners" name="[COLOR FF800020]Boomer Sooners Wizard[/COLOR]" version="1.0" provider-name="Anonymous">
  <requires>
    <import addon="xbmc.python" version="2.1.0"/>
  </requires>
  <extension point="xbmc.python.pluginsource" library="default.py">
    <provides>executable</provides>
  </extension>
  <extension point="xbmc.service" library="startup.py" start="startup" />
  <extension point="xbmc.addon.metadata">
    <summary lang="en">[COLOR FF800020]Boomer Sooners Wizard[/COLOR]</summary>
    <description lang="en">[COLOR FF800020] Wizard For Sooner Build.[/COLOR]</description>
    <platform>all</platform>
  </extension>
</addon>
